{
  "mae_f": 1.5397350993377483,
  "hit_rate_1f": 0.6490066225165563,
  "hit_rate_2f": 0.8145695364238411,
  "sigma_f": 1.0721972669169144,
  "n_train": 335,
  "n_val": 321,
  "n_test": 302,
  "split_method": "calendar"
}
