{
  "mae_f": 2.5217391304347827,
  "hit_rate_1f": 0.36645962732919257,
  "hit_rate_2f": 0.5838509316770186,
  "sigma_f": 2.0975367475426614,
  "n_train": 182,
  "n_val": 204,
  "n_test": 322,
  "split_method": "calendar"
}
