{
  "mae_f": 2.221518987341772,
  "hit_rate_1f": 0.46835443037974683,
  "hit_rate_2f": 0.6392405063291139,
  "sigma_f": 1.5987312341732152,
  "n_train": 111,
  "n_val": 144,
  "n_test": 158,
  "split_method": "calendar"
}
