{
  "city": "austin",
  "n_train": 707,
  "n_val": 365,
  "n_test": 158,
  "n_features": 23,
  "feature_cols": [
    "temp_10am",
    "temp_mean_00_10",
    "temp_max_so_far_00_10",
    "dewpoint_10am",
    "rh_mean_00_10",
    "pressure_10am",
    "wind_v_mean_00_10",
    "cloud_cover_mean_00_10",
    "nws_tmax_forecast_f",
    "nws_tmax_forecast_issued_h",
    "gfs_t2m_afternoon",
    "gfs_dewpoint_afternoon",
    "gfs_cloudcover_afternoon",
    "nwp_tmax_best_f",
    "doy_sin",
    "doy_cos",
    "tmax_lag1",
    "tmax_lag2",
    "tmax_lag3",
    "tmax_lag7",
    "tmax_rollmean_7",
    "tmax_rollmean_30",
    "temp_lag1"
  ],
  "best_ridge_alpha": 1.0,
  "val_metrics": {
    "mae": 1.715068493150685,
    "rmse": 2.3431625976240125,
    "sigma_errors": 2.2858511338815553,
    "hit_rate_1f": 0.5342465753424658,
    "hit_rate_2f": 0.7917808219178082,
    "bucket_hr": 0.36164383561643837,
    "bias": -0.5150684931506849,
    "n": 365
  },
  "test_metrics": {
    "mae": 2.0126582278481013,
    "rmse": 2.4879456219382123,
    "sigma_errors": 2.2668479400701087,
    "hit_rate_1f": 0.4240506329113924,
    "hit_rate_2f": 0.6772151898734177,
    "bucket_hr": 0.3037974683544304,
    "bias": -1.0253164556962024,
    "n": 158
  },
  "sigma_test": 1.7879134853932586,
  "old_cli_model_test_metrics_vs_wu": {
    "mae": 1.891089108910891,
    "rmse": 2.4716211058916593,
    "sigma_errors": 2.285649515236175,
    "hit_rate_1f": 0.42574257425742573,
    "hit_rate_2f": 0.7227722772277227,
    "bucket_hr": 0.36633663366336633,
    "bias": -0.9405940594059405,
    "n": 101
  },
  "old_sigma_cli": 2.1190183776765266
}
