{
  "mae_f": 3.090909090909091,
  "hit_rate_1f": 0.3140495867768595,
  "hit_rate_2f": 0.49586776859504134,
  "sigma_f": 2.4730638133017337,
  "n_train": 260,
  "n_val": 296,
  "n_test": 363,
  "split_method": "calendar"
}
