{
  "city": "los_angeles",
  "n_train": 731,
  "n_val": 365,
  "n_test": 158,
  "n_features": 24,
  "feature_cols": [
    "temp_10am",
    "temp_mean_00_10",
    "temp_max_so_far_00_10",
    "dewpoint_10am",
    "rh_mean_00_10",
    "pressure_10am",
    "wind_u_mean_00_10",
    "wind_v_mean_00_10",
    "cloud_cover_mean_00_10",
    "nws_tmax_forecast_f",
    "nws_tmax_forecast_issued_h",
    "gfs_t2m_afternoon",
    "gfs_dewpoint_afternoon",
    "gfs_cloudcover_afternoon",
    "nwp_tmax_best_f",
    "doy_sin",
    "doy_cos",
    "tmax_lag1",
    "tmax_lag2",
    "tmax_lag3",
    "tmax_lag7",
    "tmax_rollmean_7",
    "tmax_rollmean_30",
    "temp_lag1"
  ],
  "best_ridge_alpha": 10.0,
  "val_metrics": {
    "mae": 1.2646575342465753,
    "rmse": 1.7466994315306765,
    "sigma_errors": 1.7453774242730264,
    "hit_rate_1f": 0.6767123287671233,
    "hit_rate_2f": 0.8849315068493151,
    "bucket_hr": 0.4520547945205479,
    "bias": 0.06794520547945204,
    "n": 365
  },
  "test_metrics": {
    "mae": 1.6835443037974684,
    "rmse": 2.2303998619762773,
    "sigma_errors": 2.127109639252537,
    "hit_rate_1f": 0.5632911392405063,
    "hit_rate_2f": 0.8037974683544303,
    "bucket_hr": 0.3860759493670886,
    "bias": -0.6708860759493671,
    "n": 158
  },
  "sigma_test": 1.2857390415674015,
  "old_cli_model_test_metrics_vs_wu": {
    "mae": 1.4444444444444444,
    "rmse": 1.8691782045845247,
    "sigma_errors": 1.8691374333375144,
    "hit_rate_1f": 0.6172839506172839,
    "hit_rate_2f": 0.8518518518518519,
    "bucket_hr": 0.4074074074074074,
    "bias": 0.012345679012345678,
    "n": 81
  },
  "old_sigma_cli": 1.3443164838226818
}
