{
  "mae_f": 3.367088607594937,
  "hit_rate_1f": 0.2320675105485232,
  "hit_rate_2f": 0.4050632911392405,
  "sigma_f": 3.3889073007266823,
  "n_train": 77,
  "n_val": 158,
  "n_test": 237,
  "split_method": "calendar"
}
