{
  "mae_f": 3.4079754601226995,
  "hit_rate_1f": 0.2852760736196319,
  "hit_rate_2f": 0.4723926380368098,
  "sigma_f": 2.7358348887635993,
  "n_train": 296,
  "n_val": 261,
  "n_test": 326,
  "split_method": "calendar"
}
