{
  "mae_f": 2.638483965014577,
  "hit_rate_1f": 0.36443148688046645,
  "hit_rate_2f": 0.5597667638483965,
  "sigma_f": 2.1101329242287314,
  "n_train": 272,
  "n_val": 217,
  "n_test": 343,
  "split_method": "calendar"
}
