{
  "city": "san_francisco",
  "n_train": 731,
  "n_val": 365,
  "n_test": 158,
  "n_features": 24,
  "feature_cols": [
    "temp_10am",
    "temp_mean_00_10",
    "temp_max_so_far_00_10",
    "dewpoint_10am",
    "rh_mean_00_10",
    "pressure_10am",
    "wind_u_mean_00_10",
    "wind_v_mean_00_10",
    "cloud_cover_mean_00_10",
    "nws_tmax_forecast_f",
    "nws_tmax_forecast_issued_h",
    "gfs_t2m_afternoon",
    "gfs_dewpoint_afternoon",
    "gfs_cloudcover_afternoon",
    "nwp_tmax_best_f",
    "doy_sin",
    "doy_cos",
    "tmax_lag1",
    "tmax_lag2",
    "tmax_lag3",
    "tmax_lag7",
    "tmax_rollmean_7",
    "tmax_rollmean_30",
    "temp_lag1"
  ],
  "best_ridge_alpha": 0.01,
  "val_metrics": {
    "mae": 1.8224657534246576,
    "rmse": 2.371150810130718,
    "sigma_errors": 2.3379144120531756,
    "hit_rate_1f": 0.4931506849315068,
    "hit_rate_2f": 0.7397260273972602,
    "bucket_hr": 0.32602739726027397,
    "bias": 0.3956164383561644,
    "n": 365
  },
  "test_metrics": {
    "mae": 2.1139240506329116,
    "rmse": 2.765062317607537,
    "sigma_errors": 2.758535427631103,
    "hit_rate_1f": 0.4430379746835443,
    "hit_rate_2f": 0.6772151898734177,
    "bucket_hr": 0.3037974683544304,
    "bias": -0.189873417721519,
    "n": 158
  },
  "sigma_test": 1.7025336849576993,
  "old_cli_model_test_metrics_vs_wu": {
    "mae": 2.053435114503817,
    "rmse": 2.5003816502579292,
    "sigma_errors": 2.3834403354975917,
    "hit_rate_1f": 0.3435114503816794,
    "hit_rate_2f": 0.7633587786259542,
    "bucket_hr": 0.21374045801526717,
    "bias": 0.7557251908396947,
    "n": 131
  },
  "old_sigma_cli": 1.8856556307432226
}
