{
  "city": "houston",
  "n_train": 731,
  "n_val": 365,
  "n_test": 158,
  "n_features": 24,
  "feature_cols": [
    "temp_10am",
    "temp_mean_00_10",
    "temp_max_so_far_00_10",
    "dewpoint_10am",
    "rh_mean_00_10",
    "pressure_10am",
    "wind_u_mean_00_10",
    "wind_v_mean_00_10",
    "cloud_cover_mean_00_10",
    "nws_tmax_forecast_f",
    "nws_tmax_forecast_issued_h",
    "gfs_t2m_afternoon",
    "gfs_dewpoint_afternoon",
    "gfs_cloudcover_afternoon",
    "nwp_tmax_best_f",
    "doy_sin",
    "doy_cos",
    "tmax_lag1",
    "tmax_lag2",
    "tmax_lag3",
    "tmax_lag7",
    "tmax_rollmean_7",
    "tmax_rollmean_30",
    "temp_lag1"
  ],
  "best_ridge_alpha": 1.0,
  "val_metrics": {
    "mae": 1.4306849315068495,
    "rmse": 2.0050074300412324,
    "sigma_errors": 2.004967821555235,
    "hit_rate_1f": 0.6109589041095891,
    "hit_rate_2f": 0.8493150684931506,
    "bucket_hr": 0.44931506849315067,
    "bias": -0.01260273972602742,
    "n": 365
  },
  "test_metrics": {
    "mae": 1.3620253164556961,
    "rmse": 1.8374445655979856,
    "sigma_errors": 1.8293622537397527,
    "hit_rate_1f": 0.6582278481012658,
    "hit_rate_2f": 0.8481012658227848,
    "bucket_hr": 0.41139240506329117,
    "bias": -0.17215189873417724,
    "n": 158
  },
  "sigma_test": 1.0518902211991603,
  "old_cli_model_test_metrics_vs_wu": {
    "mae": 1.3442857142857143,
    "rmse": 1.8670832868407343,
    "sigma_errors": 1.8031825606240692,
    "hit_rate_1f": 0.6571428571428571,
    "hit_rate_2f": 0.8428571428571429,
    "bucket_hr": 0.44285714285714284,
    "bias": 0.48428571428571426,
    "n": 140
  },
  "old_sigma_cli": 1.0765427357771966
}
