{
  "mae_f": 3.2648809523809526,
  "hit_rate_1f": 0.3005952380952381,
  "hit_rate_2f": 0.46130952380952384,
  "sigma_f": 2.589840933122926,
  "n_train": 271,
  "n_val": 250,
  "n_test": 336,
  "split_method": "calendar"
}
